grade,l_cmov,l_mode,l_mean,l_med,l_std,r_cmov,r_mode,r_mean,r_med,r_std
0,18,18,18.911637931034484,18.0,2.583676024570524,18,18,18.885775862068964,18.0,2.4224818603150142
1,18,18,15.948929159802306,15.0,2.87963273444058,18,18,16.339373970345964,18.0,2.845294089347242
2,15,15,14.305970149253731,15.0,4.079851497041884,15,15,14.453731343283582,15.0,3.76592453052562
3,12,12,11.804177545691905,12.0,4.018986699229293,12,12,12.689295039164492,12.0,2.4129903604307095
4,12,12,11.388349514563107,12.0,4.717727381359574,12,12,11.737864077669903,12.0,4.823005478496037
