Folder,Total,Correct,Accuracy (%)
0,92,78,84.78260869565217
1,96,73,76.04166666666666
2,98,98,100.0
3,94,67,71.27659574468085
4,25,20,80.0
